<annotation>
	<folder>images</folder>
	<filename>img_42.jpg</filename>
	<path>./images/img_42.jpg</path>
	<source>
		<database>Unknown</database>
	</source>
	<size>
		<width>364</width>
		<height>138</height>
		<depth>3</depth>
	</size>
	<segmented>0</segmented>
	<object>
		<name>watson</name>
		<pose>Unspecified</pose>
		<truncated>1</truncated>
		<difficult>0</difficult>
		<bndbox>
			<xmin>210</xmin>
			<ymin>16</ymin>
			<xmax>364</xmax>
			<ymax>137</ymax>
		</bndbox>
	</object>
</annotation>