<annotation>
	<folder>images</folder>
	<filename>img_38.jpg</filename>
	<path>./images/img_38.jpg</path>
	<source>
		<database>Unknown</database>
	</source>
	<size>
		<width>1000</width>
		<height>563</height>
		<depth>3</depth>
	</size>
	<segmented>0</segmented>
	<object>
		<name>watson</name>
		<pose>Unspecified</pose>
		<truncated>0</truncated>
		<difficult>0</difficult>
		<bndbox>
			<xmin>48</xmin>
			<ymin>70</ymin>
			<xmax>201</xmax>
			<ymax>210</ymax>
		</bndbox>
	</object>
	<object>
		<name>watson</name>
		<pose>Unspecified</pose>
		<truncated>0</truncated>
		<difficult>0</difficult>
		<bndbox>
			<xmin>299</xmin>
			<ymin>71</ymin>
			<xmax>452</xmax>
			<ymax>210</ymax>
		</bndbox>
	</object>
	<object>
		<name>watson</name>
		<pose>Unspecified</pose>
		<truncated>0</truncated>
		<difficult>0</difficult>
		<bndbox>
			<xmin>549</xmin>
			<ymin>70</ymin>
			<xmax>701</xmax>
			<ymax>210</ymax>
		</bndbox>
	</object>
	<object>
		<name>watson</name>
		<pose>Unspecified</pose>
		<truncated>0</truncated>
		<difficult>0</difficult>
		<bndbox>
			<xmin>798</xmin>
			<ymin>70</ymin>
			<xmax>951</xmax>
			<ymax>212</ymax>
		</bndbox>
	</object>
	<object>
		<name>watson</name>
		<pose>Unspecified</pose>
		<truncated>0</truncated>
		<difficult>0</difficult>
		<bndbox>
			<xmin>49</xmin>
			<ymin>349</ymin>
			<xmax>202</xmax>
			<ymax>496</ymax>
		</bndbox>
	</object>
	<object>
		<name>watson</name>
		<pose>Unspecified</pose>
		<truncated>0</truncated>
		<difficult>0</difficult>
		<bndbox>
			<xmin>299</xmin>
			<ymin>352</ymin>
			<xmax>455</xmax>
			<ymax>498</ymax>
		</bndbox>
	</object>
	<object>
		<name>watson</name>
		<pose>Unspecified</pose>
		<truncated>0</truncated>
		<difficult>0</difficult>
		<bndbox>
			<xmin>545</xmin>
			<ymin>348</ymin>
			<xmax>707</xmax>
			<ymax>499</ymax>
		</bndbox>
	</object>
	<object>
		<name>watson</name>
		<pose>Unspecified</pose>
		<truncated>0</truncated>
		<difficult>0</difficult>
		<bndbox>
			<xmin>797</xmin>
			<ymin>349</ymin>
			<xmax>955</xmax>
			<ymax>495</ymax>
		</bndbox>
	</object>
</annotation>