<annotation>
	<folder>images</folder>
	<filename>img_00.jpg</filename>
	<path>./images/img_00.jpg</path>
	<source>
		<database>Unknown</database>
	</source>
	<size>
		<width>240</width>
		<height>240</height>
		<depth>3</depth>
	</size>
	<segmented>0</segmented>
	<object>
		<name>watson_others</name>
		<pose>Unspecified</pose>
		<truncated>0</truncated>
		<difficult>0</difficult>
		<bndbox>
			<xmin>132</xmin>
			<ymin>111</ymin>
			<xmax>225</xmax>
			<ymax>212</ymax>
		</bndbox>
	</object>
</annotation>