<annotation>
	<folder>images</folder>
	<filename>img_43.jpg</filename>
	<path>./images/img_43.jpg</path>
	<source>
		<database>Unknown</database>
	</source>
	<size>
		<width>225</width>
		<height>225</height>
		<depth>3</depth>
	</size>
	<segmented>0</segmented>
	<object>
		<name>watson</name>
		<pose>Unspecified</pose>
		<truncated>0</truncated>
		<difficult>0</difficult>
		<bndbox>
			<xmin>127</xmin>
			<ymin>50</ymin>
			<xmax>160</xmax>
			<ymax>82</ymax>
		</bndbox>
	</object>
</annotation>