<annotation>
	<folder>images</folder>
	<filename>img_52.jpg</filename>
	<path>./images/img_52.jpg</path>
	<source>
		<database>Unknown</database>
	</source>
	<size>
		<width>1380</width>
		<height>600</height>
		<depth>3</depth>
	</size>
	<segmented>0</segmented>
	<object>
		<name>watson</name>
		<pose>Unspecified</pose>
		<truncated>0</truncated>
		<difficult>0</difficult>
		<bndbox>
			<xmin>247</xmin>
			<ymin>139</ymin>
			<xmax>576</xmax>
			<ymax>445</ymax>
		</bndbox>
	</object>
</annotation>