<annotation>
	<folder>images</folder>
	<filename>img_12.jpg</filename>
	<path>./images/img_12.jpg</path>
	<source>
		<database>Unknown</database>
	</source>
	<size>
		<width>874</width>
		<height>470</height>
		<depth>3</depth>
	</size>
	<segmented>0</segmented>
	<object>
		<name>watson</name>
		<pose>Unspecified</pose>
		<truncated>0</truncated>
		<difficult>0</difficult>
		<bndbox>
			<xmin>569</xmin>
			<ymin>141</ymin>
			<xmax>814</xmax>
			<ymax>366</ymax>
		</bndbox>
	</object>
</annotation>