<annotation>
	<folder>images</folder>
	<filename>img_17.jpg</filename>
	<path>./images/img_17.jpg</path>
	<source>
		<database>Unknown</database>
	</source>
	<size>
		<width>400</width>
		<height>300</height>
		<depth>3</depth>
	</size>
	<segmented>0</segmented>
	<object>
		<name>watson_others</name>
		<pose>Unspecified</pose>
		<truncated>0</truncated>
		<difficult>0</difficult>
		<bndbox>
			<xmin>103</xmin>
			<ymin>11</ymin>
			<xmax>288</xmax>
			<ymax>197</ymax>
		</bndbox>
	</object>
</annotation>