<annotation>
	<folder>images</folder>
	<filename>img_16.jpg</filename>
	<path>./images/img_16.jpg</path>
	<source>
		<database>Unknown</database>
	</source>
	<size>
		<width>1000</width>
		<height>400</height>
		<depth>3</depth>
	</size>
	<segmented>0</segmented>
	<object>
		<name>watson_others</name>
		<pose>Unspecified</pose>
		<truncated>0</truncated>
		<difficult>0</difficult>
		<bndbox>
			<xmin>719</xmin>
			<ymin>92</ymin>
			<xmax>994</xmax>
			<ymax>358</ymax>
		</bndbox>
	</object>
</annotation>