<annotation>
	<folder>images</folder>
	<filename>img_27.jpg</filename>
	<path>./images/img_27.jpg</path>
	<source>
		<database>Unknown</database>
	</source>
	<size>
		<width>3600</width>
		<height>2311</height>
		<depth>3</depth>
	</size>
	<segmented>0</segmented>
	<object>
		<name>watson_others</name>
		<pose>Unspecified</pose>
		<truncated>0</truncated>
		<difficult>0</difficult>
		<bndbox>
			<xmin>1154</xmin>
			<ymin>769</ymin>
			<xmax>2426</xmax>
			<ymax>2212</ymax>
		</bndbox>
	</object>
	<object>
		<name>watson_others</name>
		<pose>Unspecified</pose>
		<truncated>0</truncated>
		<difficult>0</difficult>
		<bndbox>
			<xmin>950</xmin>
			<ymin>17</ymin>
			<xmax>2654</xmax>
			<ymax>536</ymax>
		</bndbox>
	</object>
</annotation>