<annotation>
	<folder>images</folder>
	<filename>img_20.jpg</filename>
	<path>./images/img_20.jpg</path>
	<source>
		<database>Unknown</database>
	</source>
	<size>
		<width>1000</width>
		<height>618</height>
		<depth>3</depth>
	</size>
	<segmented>0</segmented>
	<object>
		<name>watson</name>
		<pose>Unspecified</pose>
		<truncated>0</truncated>
		<difficult>0</difficult>
		<bndbox>
			<xmin>172</xmin>
			<ymin>160</ymin>
			<xmax>394</xmax>
			<ymax>368</ymax>
		</bndbox>
	</object>
</annotation>