<annotation>
	<folder>images</folder>
	<filename>img_14.jpg</filename>
	<path>./images/img_14.jpg</path>
	<source>
		<database>Unknown</database>
	</source>
	<size>
		<width>700</width>
		<height>350</height>
		<depth>3</depth>
	</size>
	<segmented>0</segmented>
	<object>
		<name>watson_others</name>
		<pose>Unspecified</pose>
		<truncated>0</truncated>
		<difficult>0</difficult>
		<bndbox>
			<xmin>157</xmin>
			<ymin>178</ymin>
			<xmax>248</xmax>
			<ymax>267</ymax>
		</bndbox>
	</object>
	<object>
		<name>watson_others</name>
		<pose>Unspecified</pose>
		<truncated>0</truncated>
		<difficult>0</difficult>
		<bndbox>
			<xmin>572</xmin>
			<ymin>196</ymin>
			<xmax>625</xmax>
			<ymax>245</ymax>
		</bndbox>
	</object>
</annotation>