<annotation>
	<folder>images</folder>
	<filename>img_45.jpg</filename>
	<path>./images/img_45.jpg</path>
	<source>
		<database>Unknown</database>
	</source>
	<size>
		<width>638</width>
		<height>359</height>
		<depth>3</depth>
	</size>
	<segmented>0</segmented>
	<object>
		<name>watson</name>
		<pose>Unspecified</pose>
		<truncated>0</truncated>
		<difficult>0</difficult>
		<bndbox>
			<xmin>217</xmin>
			<ymin>37</ymin>
			<xmax>432</xmax>
			<ymax>237</ymax>
		</bndbox>
	</object>
</annotation>