<annotation>
	<folder>images</folder>
	<filename>img_13.jpg</filename>
	<path>./images/img_13.jpg</path>
	<source>
		<database>Unknown</database>
	</source>
	<size>
		<width>712</width>
		<height>400</height>
		<depth>3</depth>
	</size>
	<segmented>0</segmented>
	<object>
		<name>watson_others</name>
		<pose>Unspecified</pose>
		<truncated>0</truncated>
		<difficult>0</difficult>
		<bndbox>
			<xmin>240</xmin>
			<ymin>109</ymin>
			<xmax>335</xmax>
			<ymax>252</ymax>
		</bndbox>
	</object>
</annotation>