<annotation>
	<folder>images</folder>
	<filename>img_36.jpg</filename>
	<path>./images/img_36.jpg</path>
	<source>
		<database>Unknown</database>
	</source>
	<size>
		<width>1333</width>
		<height>1333</height>
		<depth>3</depth>
	</size>
	<segmented>0</segmented>
	<object>
		<name>watson</name>
		<pose>Unspecified</pose>
		<truncated>0</truncated>
		<difficult>0</difficult>
		<bndbox>
			<xmin>222</xmin>
			<ymin>207</ymin>
			<xmax>1108</xmax>
			<ymax>1026</ymax>
		</bndbox>
	</object>
</annotation>