<annotation>
	<folder>images</folder>
	<filename>img_57.jpg</filename>
	<path>./images/img_57.jpg</path>
	<source>
		<database>Unknown</database>
	</source>
	<size>
		<width>195</width>
		<height>195</height>
		<depth>3</depth>
	</size>
	<segmented>0</segmented>
	<object>
		<name>watson_others</name>
		<pose>Unspecified</pose>
		<truncated>0</truncated>
		<difficult>0</difficult>
		<bndbox>
			<xmin>11</xmin>
			<ymin>81</ymin>
			<xmax>43</xmax>
			<ymax>114</ymax>
		</bndbox>
	</object>
</annotation>