<annotation>
	<folder>images</folder>
	<filename>img_64.jpg</filename>
	<path>./images/img_64.jpg</path>
	<source>
		<database>Unknown</database>
	</source>
	<size>
		<width>750</width>
		<height>450</height>
		<depth>3</depth>
	</size>
	<segmented>0</segmented>
	<object>
		<name>watson_others</name>
		<pose>Unspecified</pose>
		<truncated>0</truncated>
		<difficult>0</difficult>
		<bndbox>
			<xmin>329</xmin>
			<ymin>115</ymin>
			<xmax>379</xmax>
			<ymax>168</ymax>
		</bndbox>
	</object>
</annotation>