<annotation>
	<folder>images</folder>
	<filename>img_63.jpg</filename>
	<path>./images/img_63.jpg</path>
	<source>
		<database>Unknown</database>
	</source>
	<size>
		<width>640</width>
		<height>366</height>
		<depth>3</depth>
	</size>
	<segmented>0</segmented>
	<object>
		<name>watson_others</name>
		<pose>Unspecified</pose>
		<truncated>0</truncated>
		<difficult>0</difficult>
		<bndbox>
			<xmin>215</xmin>
			<ymin>43</ymin>
			<xmax>443</xmax>
			<ymax>267</ymax>
		</bndbox>
	</object>
</annotation>