<annotation>
	<folder>images</folder>
	<filename>img_22.jpg</filename>
	<path>./images/img_22.jpg</path>
	<source>
		<database>Unknown</database>
	</source>
	<size>
		<width>300</width>
		<height>163</height>
		<depth>3</depth>
	</size>
	<segmented>0</segmented>
	<object>
		<name>watson_others</name>
		<pose>Unspecified</pose>
		<truncated>0</truncated>
		<difficult>0</difficult>
		<bndbox>
			<xmin>34</xmin>
			<ymin>24</ymin>
			<xmax>115</xmax>
			<ymax>109</ymax>
		</bndbox>
	</object>
</annotation>