<annotation>
	<folder>images</folder>
	<filename>img_01.jpg</filename>
	<path>./images/img_01.jpg</path>
	<source>
		<database>Unknown</database>
	</source>
	<size>
		<width>1600</width>
		<height>480</height>
		<depth>3</depth>
	</size>
	<segmented>0</segmented>
	<object>
		<name>watson_others</name>
		<pose>Unspecified</pose>
		<truncated>0</truncated>
		<difficult>0</difficult>
		<bndbox>
			<xmin>984</xmin>
			<ymin>91</ymin>
			<xmax>1275</xmax>
			<ymax>374</ymax>
		</bndbox>
	</object>
</annotation>