<annotation>
	<folder>images</folder>
	<filename>img_26.jpg</filename>
	<path>./images/img_26.jpg</path>
	<source>
		<database>Unknown</database>
	</source>
	<size>
		<width>920</width>
		<height>450</height>
		<depth>3</depth>
	</size>
	<segmented>0</segmented>
	<object>
		<name>watson_others</name>
		<pose>Unspecified</pose>
		<truncated>0</truncated>
		<difficult>0</difficult>
		<bndbox>
			<xmin>577</xmin>
			<ymin>29</ymin>
			<xmax>666</xmax>
			<ymax>115</ymax>
		</bndbox>
	</object>
	<object>
		<name>watson_others</name>
		<pose>Unspecified</pose>
		<truncated>0</truncated>
		<difficult>0</difficult>
		<bndbox>
			<xmin>421</xmin>
			<ymin>253</ymin>
			<xmax>485</xmax>
			<ymax>324</ymax>
		</bndbox>
	</object>
</annotation>