<annotation>
	<folder>images</folder>
	<filename>img_53.jpg</filename>
	<path>./images/img_53.jpg</path>
	<source>
		<database>Unknown</database>
	</source>
	<size>
		<width>728</width>
		<height>546</height>
		<depth>3</depth>
	</size>
	<segmented>0</segmented>
	<object>
		<name>watson_others</name>
		<pose>Unspecified</pose>
		<truncated>0</truncated>
		<difficult>0</difficult>
		<bndbox>
			<xmin>179</xmin>
			<ymin>314</ymin>
			<xmax>274</xmax>
			<ymax>408</ymax>
		</bndbox>
	</object>
	<object>
		<name>watson_others</name>
		<pose>Unspecified</pose>
		<truncated>0</truncated>
		<difficult>0</difficult>
		<bndbox>
			<xmin>614</xmin>
			<ymin>252</ymin>
			<xmax>671</xmax>
			<ymax>309</ymax>
		</bndbox>
	</object>
</annotation>