<annotation>
	<folder>images</folder>
	<filename>img_04.jpg</filename>
	<path>./images/img_04.jpg</path>
	<source>
		<database>Unknown</database>
	</source>
	<size>
		<width>534</width>
		<height>299</height>
		<depth>3</depth>
	</size>
	<segmented>0</segmented>
	<object>
		<name>watson</name>
		<pose>Unspecified</pose>
		<truncated>0</truncated>
		<difficult>0</difficult>
		<bndbox>
			<xmin>176</xmin>
			<ymin>53</ymin>
			<xmax>374</xmax>
			<ymax>241</ymax>
		</bndbox>
	</object>
</annotation>