<annotation>
	<folder>images</folder>
	<filename>img_25.jpg</filename>
	<path>./images/img_25.jpg</path>
	<source>
		<database>Unknown</database>
	</source>
	<size>
		<width>400</width>
		<height>290</height>
		<depth>3</depth>
	</size>
	<segmented>0</segmented>
	<object>
		<name>watson_others</name>
		<pose>Unspecified</pose>
		<truncated>0</truncated>
		<difficult>0</difficult>
		<bndbox>
			<xmin>127</xmin>
			<ymin>38</ymin>
			<xmax>279</xmax>
			<ymax>189</ymax>
		</bndbox>
	</object>
</annotation>