<annotation>
	<folder>images</folder>
	<filename>img_49.jpg</filename>
	<path>./images/img_49.jpg</path>
	<source>
		<database>Unknown</database>
	</source>
	<size>
		<width>600</width>
		<height>450</height>
		<depth>3</depth>
	</size>
	<segmented>0</segmented>
	<object>
		<name>watson_others</name>
		<pose>Unspecified</pose>
		<truncated>1</truncated>
		<difficult>0</difficult>
		<bndbox>
			<xmin>1</xmin>
			<ymin>51</ymin>
			<xmax>333</xmax>
			<ymax>428</ymax>
		</bndbox>
	</object>
</annotation>