<annotation>
	<folder>images</folder>
	<filename>img_21.jpg</filename>
	<path>./images/img_21.jpg</path>
	<source>
		<database>Unknown</database>
	</source>
	<size>
		<width>1200</width>
		<height>630</height>
		<depth>3</depth>
	</size>
	<segmented>0</segmented>
	<object>
		<name>watson_others</name>
		<pose>Unspecified</pose>
		<truncated>0</truncated>
		<difficult>0</difficult>
		<bndbox>
			<xmin>331</xmin>
			<ymin>48</ymin>
			<xmax>867</xmax>
			<ymax>584</ymax>
		</bndbox>
	</object>
</annotation>