<annotation>
	<folder>images</folder>
	<filename>img_37.jpg</filename>
	<path>./images/img_37.jpg</path>
	<source>
		<database>Unknown</database>
	</source>
	<size>
		<width>1000</width>
		<height>416</height>
		<depth>3</depth>
	</size>
	<segmented>0</segmented>
	<object>
		<name>watson_others</name>
		<pose>Unspecified</pose>
		<truncated>0</truncated>
		<difficult>0</difficult>
		<bndbox>
			<xmin>114</xmin>
			<ymin>73</ymin>
			<xmax>384</xmax>
			<ymax>345</ymax>
		</bndbox>
	</object>
	<object>
		<name>watson</name>
		<pose>Unspecified</pose>
		<truncated>0</truncated>
		<difficult>0</difficult>
		<bndbox>
			<xmin>602</xmin>
			<ymin>72</ymin>
			<xmax>897</xmax>
			<ymax>347</ymax>
		</bndbox>
	</object>
</annotation>