<annotation>
	<folder>images</folder>
	<filename>img_30.jpg</filename>
	<path>./images/img_30.jpg</path>
	<source>
		<database>Unknown</database>
	</source>
	<size>
		<width>672</width>
		<height>372</height>
		<depth>3</depth>
	</size>
	<segmented>0</segmented>
	<object>
		<name>watson_others</name>
		<pose>Unspecified</pose>
		<truncated>0</truncated>
		<difficult>0</difficult>
		<bndbox>
			<xmin>340</xmin>
			<ymin>46</ymin>
			<xmax>627</xmax>
			<ymax>294</ymax>
		</bndbox>
	</object>
</annotation>