<annotation>
	<folder>images</folder>
	<filename>img_61.jpg</filename>
	<path>./images/img_61.jpg</path>
	<source>
		<database>Unknown</database>
	</source>
	<size>
		<width>720</width>
		<height>340</height>
		<depth>3</depth>
	</size>
	<segmented>0</segmented>
	<object>
		<name>watson_others</name>
		<pose>Unspecified</pose>
		<truncated>0</truncated>
		<difficult>0</difficult>
		<bndbox>
			<xmin>25</xmin>
			<ymin>72</ymin>
			<xmax>187</xmax>
			<ymax>230</ymax>
		</bndbox>
	</object>
</annotation>