<annotation>
	<folder>images</folder>
	<filename>img_46.jpg</filename>
	<path>./images/img_46.jpg</path>
	<source>
		<database>Unknown</database>
	</source>
	<size>
		<width>602</width>
		<height>339</height>
		<depth>3</depth>
	</size>
	<segmented>0</segmented>
	<object>
		<name>watson_others</name>
		<pose>Unspecified</pose>
		<truncated>0</truncated>
		<difficult>0</difficult>
		<bndbox>
			<xmin>239</xmin>
			<ymin>123</ymin>
			<xmax>357</xmax>
			<ymax>238</ymax>
		</bndbox>
	</object>
</annotation>