<annotation>
	<folder>images</folder>
	<filename>img_39.jpg</filename>
	<path>./images/img_39.jpg</path>
	<source>
		<database>Unknown</database>
	</source>
	<size>
		<width>500</width>
		<height>329</height>
		<depth>3</depth>
	</size>
	<segmented>0</segmented>
	<object>
		<name>watson</name>
		<pose>Unspecified</pose>
		<truncated>0</truncated>
		<difficult>0</difficult>
		<bndbox>
			<xmin>383</xmin>
			<ymin>74</ymin>
			<xmax>452</xmax>
			<ymax>145</ymax>
		</bndbox>
	</object>
</annotation>