<annotation>
	<folder>images</folder>
	<filename>img_09.jpg</filename>
	<path>./images/img_09.jpg</path>
	<source>
		<database>Unknown</database>
	</source>
	<size>
		<width>714</width>
		<height>401</height>
		<depth>3</depth>
	</size>
	<segmented>0</segmented>
	<object>
		<name>watson_others</name>
		<pose>Unspecified</pose>
		<truncated>0</truncated>
		<difficult>0</difficult>
		<bndbox>
			<xmin>498</xmin>
			<ymin>145</ymin>
			<xmax>589</xmax>
			<ymax>270</ymax>
		</bndbox>
	</object>
</annotation>