<annotation>
	<folder>images</folder>
	<filename>img_48.jpg</filename>
	<path>./images/img_48.jpg</path>
	<source>
		<database>Unknown</database>
	</source>
	<size>
		<width>1280</width>
		<height>720</height>
		<depth>3</depth>
	</size>
	<segmented>0</segmented>
	<object>
		<name>watson</name>
		<pose>Unspecified</pose>
		<truncated>0</truncated>
		<difficult>0</difficult>
		<bndbox>
			<xmin>152</xmin>
			<ymin>261</ymin>
			<xmax>351</xmax>
			<ymax>451</ymax>
		</bndbox>
	</object>
</annotation>