<annotation>
	<folder>images</folder>
	<filename>img_28.jpg</filename>
	<path>./images/img_28.jpg</path>
	<source>
		<database>Unknown</database>
	</source>
	<size>
		<width>730</width>
		<height>486</height>
		<depth>3</depth>
	</size>
	<segmented>0</segmented>
	<object>
		<name>watson_others</name>
		<pose>Unspecified</pose>
		<truncated>0</truncated>
		<difficult>0</difficult>
		<bndbox>
			<xmin>102</xmin>
			<ymin>123</ymin>
			<xmax>200</xmax>
			<ymax>315</ymax>
		</bndbox>
	</object>
</annotation>