<annotation>
	<folder>images</folder>
	<filename>img_50.jpg</filename>
	<path>./images/img_50.jpg</path>
	<source>
		<database>Unknown</database>
	</source>
	<size>
		<width>300</width>
		<height>300</height>
		<depth>3</depth>
	</size>
	<segmented>0</segmented>
	<object>
		<name>watson_others</name>
		<pose>Unspecified</pose>
		<truncated>0</truncated>
		<difficult>0</difficult>
		<bndbox>
			<xmin>40</xmin>
			<ymin>19</ymin>
			<xmax>262</xmax>
			<ymax>240</ymax>
		</bndbox>
	</object>
</annotation>