<annotation>
	<folder>images</folder>
	<filename>img_58.jpg</filename>
	<path>./images/img_58.jpg</path>
	<source>
		<database>Unknown</database>
	</source>
	<size>
		<width>540</width>
		<height>324</height>
		<depth>3</depth>
	</size>
	<segmented>0</segmented>
	<object>
		<name>watson_others</name>
		<pose>Unspecified</pose>
		<truncated>0</truncated>
		<difficult>0</difficult>
		<bndbox>
			<xmin>83</xmin>
			<ymin>67</ymin>
			<xmax>275</xmax>
			<ymax>258</ymax>
		</bndbox>
	</object>
</annotation>