<annotation>
	<folder>images</folder>
	<filename>img_32.jpg</filename>
	<path>./images/img_32.jpg</path>
	<source>
		<database>Unknown</database>
	</source>
	<size>
		<width>638</width>
		<height>359</height>
		<depth>3</depth>
	</size>
	<segmented>0</segmented>
	<object>
		<name>watson_others</name>
		<pose>Unspecified</pose>
		<truncated>0</truncated>
		<difficult>0</difficult>
		<bndbox>
			<xmin>197</xmin>
			<ymin>187</ymin>
			<xmax>252</xmax>
			<ymax>243</ymax>
		</bndbox>
	</object>
	<object>
		<name>watson_others</name>
		<pose>Unspecified</pose>
		<truncated>0</truncated>
		<difficult>0</difficult>
		<bndbox>
			<xmin>439</xmin>
			<ymin>147</ymin>
			<xmax>494</xmax>
			<ymax>202</ymax>
		</bndbox>
	</object>
</annotation>