<annotation>
	<folder>images</folder>
	<filename>img_15.jpg</filename>
	<path>./images/img_15.jpg</path>
	<source>
		<database>Unknown</database>
	</source>
	<size>
		<width>712</width>
		<height>400</height>
		<depth>3</depth>
	</size>
	<segmented>0</segmented>
	<object>
		<name>watson</name>
		<pose>Unspecified</pose>
		<truncated>0</truncated>
		<difficult>0</difficult>
		<bndbox>
			<xmin>187</xmin>
			<ymin>95</ymin>
			<xmax>304</xmax>
			<ymax>228</ymax>
		</bndbox>
	</object>
</annotation>