<annotation>
	<folder>images</folder>
	<filename>img_35.jpg</filename>
	<path>./images/img_35.jpg</path>
	<source>
		<database>Unknown</database>
	</source>
	<size>
		<width>640</width>
		<height>480</height>
		<depth>3</depth>
	</size>
	<segmented>0</segmented>
	<object>
		<name>watson_others</name>
		<pose>Unspecified</pose>
		<truncated>1</truncated>
		<difficult>0</difficult>
		<bndbox>
			<xmin>1</xmin>
			<ymin>5</ymin>
			<xmax>236</xmax>
			<ymax>371</ymax>
		</bndbox>
	</object>
</annotation>