<annotation>
	<folder>images</folder>
	<filename>img_44.jpg</filename>
	<path>./images/img_44.jpg</path>
	<source>
		<database>Unknown</database>
	</source>
	<size>
		<width>639</width>
		<height>360</height>
		<depth>3</depth>
	</size>
	<segmented>0</segmented>
	<object>
		<name>watson</name>
		<pose>Unspecified</pose>
		<truncated>0</truncated>
		<difficult>0</difficult>
		<bndbox>
			<xmin>402</xmin>
			<ymin>129</ymin>
			<xmax>501</xmax>
			<ymax>225</ymax>
		</bndbox>
	</object>
</annotation>