<annotation>
	<folder>images</folder>
	<filename>img_08.jpg</filename>
	<path>./images/img_08.jpg</path>
	<source>
		<database>Unknown</database>
	</source>
	<size>
		<width>630</width>
		<height>361</height>
		<depth>3</depth>
	</size>
	<segmented>0</segmented>
	<object>
		<name>watson_others</name>
		<pose>Unspecified</pose>
		<truncated>0</truncated>
		<difficult>0</difficult>
		<bndbox>
			<xmin>62</xmin>
			<ymin>92</ymin>
			<xmax>165</xmax>
			<ymax>257</ymax>
		</bndbox>
	</object>
</annotation>