<annotation>
	<folder>images</folder>
	<filename>img_29.jpg</filename>
	<path>./images/img_29.jpg</path>
	<source>
		<database>Unknown</database>
	</source>
	<size>
		<width>800</width>
		<height>586</height>
		<depth>3</depth>
	</size>
	<segmented>0</segmented>
	<object>
		<name>watson_others</name>
		<pose>Unspecified</pose>
		<truncated>0</truncated>
		<difficult>0</difficult>
		<bndbox>
			<xmin>60</xmin>
			<ymin>163</ymin>
			<xmax>189</xmax>
			<ymax>434</ymax>
		</bndbox>
	</object>
</annotation>