<annotation>
	<folder>images</folder>
	<filename>img_34.jpg</filename>
	<path>./images/img_34.jpg</path>
	<source>
		<database>Unknown</database>
	</source>
	<size>
		<width>738</width>
		<height>428</height>
		<depth>3</depth>
	</size>
	<segmented>0</segmented>
	<object>
		<name>watson</name>
		<pose>Unspecified</pose>
		<truncated>1</truncated>
		<difficult>0</difficult>
		<bndbox>
			<xmin>195</xmin>
			<ymin>1</ymin>
			<xmax>608</xmax>
			<ymax>351</ymax>
		</bndbox>
	</object>
</annotation>