<annotation>
	<folder>images</folder>
	<filename>img_54.jpg</filename>
	<path>./images/img_54.jpg</path>
	<source>
		<database>Unknown</database>
	</source>
	<size>
		<width>1000</width>
		<height>416</height>
		<depth>3</depth>
	</size>
	<segmented>0</segmented>
	<object>
		<name>watson_others</name>
		<pose>Unspecified</pose>
		<truncated>0</truncated>
		<difficult>0</difficult>
		<bndbox>
			<xmin>814</xmin>
			<ymin>66</ymin>
			<xmax>864</xmax>
			<ymax>109</ymax>
		</bndbox>
	</object>
	<object>
		<name>watson_others</name>
		<pose>Unspecified</pose>
		<truncated>0</truncated>
		<difficult>0</difficult>
		<bndbox>
			<xmin>816</xmin>
			<ymin>216</ymin>
			<xmax>868</xmax>
			<ymax>270</ymax>
		</bndbox>
	</object>
</annotation>