<annotation>
	<folder>images</folder>
	<filename>img_19.jpg</filename>
	<path>./images/img_19.jpg</path>
	<source>
		<database>Unknown</database>
	</source>
	<size>
		<width>620</width>
		<height>400</height>
		<depth>3</depth>
	</size>
	<segmented>0</segmented>
	<object>
		<name>watson_others</name>
		<pose>Unspecified</pose>
		<truncated>0</truncated>
		<difficult>0</difficult>
		<bndbox>
			<xmin>10</xmin>
			<ymin>17</ymin>
			<xmax>289</xmax>
			<ymax>313</ymax>
		</bndbox>
	</object>
</annotation>