<annotation>
	<folder>images</folder>
	<filename>img_11.jpg</filename>
	<path>./images/img_11.jpg</path>
	<source>
		<database>Unknown</database>
	</source>
	<size>
		<width>749</width>
		<height>499</height>
		<depth>3</depth>
	</size>
	<segmented>0</segmented>
	<object>
		<name>watson</name>
		<pose>Unspecified</pose>
		<truncated>0</truncated>
		<difficult>0</difficult>
		<bndbox>
			<xmin>191</xmin>
			<ymin>73</ymin>
			<xmax>546</xmax>
			<ymax>399</ymax>
		</bndbox>
	</object>
</annotation>