<annotation>
	<folder>images</folder>
	<filename>img_05.jpg</filename>
	<path>./images/img_05.jpg</path>
	<source>
		<database>Unknown</database>
	</source>
	<size>
		<width>820</width>
		<height>312</height>
		<depth>3</depth>
	</size>
	<segmented>0</segmented>
	<object>
		<name>watson</name>
		<pose>Unspecified</pose>
		<truncated>0</truncated>
		<difficult>0</difficult>
		<bndbox>
			<xmin>203</xmin>
			<ymin>98</ymin>
			<xmax>400</xmax>
			<ymax>282</ymax>
		</bndbox>
	</object>
</annotation>