<annotation>
	<folder>images</folder>
	<filename>img_56.jpg</filename>
	<path>./images/img_56.jpg</path>
	<source>
		<database>Unknown</database>
	</source>
	<size>
		<width>1024</width>
		<height>512</height>
		<depth>3</depth>
	</size>
	<segmented>0</segmented>
	<object>
		<name>watson_others</name>
		<pose>Unspecified</pose>
		<truncated>0</truncated>
		<difficult>0</difficult>
		<bndbox>
			<xmin>485</xmin>
			<ymin>31</ymin>
			<xmax>949</xmax>
			<ymax>484</ymax>
		</bndbox>
	</object>
</annotation>