<annotation>
	<folder>images</folder>
	<filename>img_40.jpg</filename>
	<path>./images/img_40.jpg</path>
	<source>
		<database>Unknown</database>
	</source>
	<size>
		<width>275</width>
		<height>183</height>
		<depth>3</depth>
	</size>
	<segmented>0</segmented>
	<object>
		<name>watson_others</name>
		<pose>Unspecified</pose>
		<truncated>0</truncated>
		<difficult>0</difficult>
		<bndbox>
			<xmin>47</xmin>
			<ymin>2</ymin>
			<xmax>228</xmax>
			<ymax>179</ymax>
		</bndbox>
	</object>
</annotation>