<annotation>
	<folder>images</folder>
	<filename>img_06.jpg</filename>
	<path>./images/img_06.jpg</path>
	<source>
		<database>Unknown</database>
	</source>
	<size>
		<width>639</width>
		<height>424</height>
		<depth>3</depth>
	</size>
	<segmented>0</segmented>
	<object>
		<name>watson_others</name>
		<pose>Unspecified</pose>
		<truncated>0</truncated>
		<difficult>0</difficult>
		<bndbox>
			<xmin>104</xmin>
			<ymin>64</ymin>
			<xmax>231</xmax>
			<ymax>186</ymax>
		</bndbox>
	</object>
</annotation>