<annotation>
	<folder>images</folder>
	<filename>img_55.jpg</filename>
	<path>./images/img_55.jpg</path>
	<source>
		<database>Unknown</database>
	</source>
	<size>
		<width>1200</width>
		<height>630</height>
		<depth>3</depth>
	</size>
	<segmented>0</segmented>
	<object>
		<name>watson</name>
		<pose>Unspecified</pose>
		<truncated>0</truncated>
		<difficult>0</difficult>
		<bndbox>
			<xmin>137</xmin>
			<ymin>178</ymin>
			<xmax>375</xmax>
			<ymax>403</ymax>
		</bndbox>
	</object>
</annotation>