<annotation>
	<folder>images</folder>
	<filename>img_03.jpg</filename>
	<path>./images/img_03.jpg</path>
	<source>
		<database>Unknown</database>
	</source>
	<size>
		<width>1279</width>
		<height>720</height>
		<depth>3</depth>
	</size>
	<segmented>0</segmented>
	<object>
		<name>watson_others</name>
		<pose>Unspecified</pose>
		<truncated>0</truncated>
		<difficult>0</difficult>
		<bndbox>
			<xmin>454</xmin>
			<ymin>112</ymin>
			<xmax>801</xmax>
			<ymax>446</ymax>
		</bndbox>
	</object>
</annotation>