<annotation>
	<folder>images</folder>
	<filename>img_31.jpg</filename>
	<path>./images/img_31.jpg</path>
	<source>
		<database>Unknown</database>
	</source>
	<size>
		<width>580</width>
		<height>326</height>
		<depth>3</depth>
	</size>
	<segmented>0</segmented>
	<object>
		<name>watson_others</name>
		<pose>Unspecified</pose>
		<truncated>0</truncated>
		<difficult>0</difficult>
		<bndbox>
			<xmin>273</xmin>
			<ymin>36</ymin>
			<xmax>311</xmax>
			<ymax>72</ymax>
		</bndbox>
	</object>
</annotation>