<annotation>
	<folder>images</folder>
	<filename>img_60.jpg</filename>
	<path>./images/img_60.jpg</path>
	<source>
		<database>Unknown</database>
	</source>
	<size>
		<width>570</width>
		<height>524</height>
		<depth>3</depth>
	</size>
	<segmented>0</segmented>
	<object>
		<name>watson</name>
		<pose>Unspecified</pose>
		<truncated>0</truncated>
		<difficult>0</difficult>
		<bndbox>
			<xmin>18</xmin>
			<ymin>100</ymin>
			<xmax>147</xmax>
			<ymax>218</ymax>
		</bndbox>
	</object>
</annotation>