<annotation>
	<folder>images</folder>
	<filename>img_62.jpg</filename>
	<path>./images/img_62.jpg</path>
	<source>
		<database>Unknown</database>
	</source>
	<size>
		<width>825</width>
		<height>510</height>
		<depth>3</depth>
	</size>
	<segmented>0</segmented>
	<object>
		<name>watson_others</name>
		<pose>Unspecified</pose>
		<truncated>0</truncated>
		<difficult>0</difficult>
		<bndbox>
			<xmin>84</xmin>
			<ymin>132</ymin>
			<xmax>283</xmax>
			<ymax>327</ymax>
		</bndbox>
	</object>
</annotation>