<annotation>
	<folder>images</folder>
	<filename>img_47.jpg</filename>
	<path>./images/img_47.jpg</path>
	<source>
		<database>Unknown</database>
	</source>
	<size>
		<width>1920</width>
		<height>1080</height>
		<depth>3</depth>
	</size>
	<segmented>0</segmented>
	<object>
		<name>watson_others</name>
		<pose>Unspecified</pose>
		<truncated>0</truncated>
		<difficult>0</difficult>
		<bndbox>
			<xmin>314</xmin>
			<ymin>55</ymin>
			<xmax>894</xmax>
			<ymax>740</ymax>
		</bndbox>
	</object>
</annotation>