<annotation>
	<folder>images</folder>
	<filename>img_10.jpg</filename>
	<path>./images/img_10.jpg</path>
	<source>
		<database>Unknown</database>
	</source>
	<size>
		<width>580</width>
		<height>421</height>
		<depth>3</depth>
	</size>
	<segmented>0</segmented>
	<object>
		<name>watson</name>
		<pose>Unspecified</pose>
		<truncated>0</truncated>
		<difficult>0</difficult>
		<bndbox>
			<xmin>369</xmin>
			<ymin>78</ymin>
			<xmax>506</xmax>
			<ymax>206</ymax>
		</bndbox>
	</object>
</annotation>